timestamp,simple-path,time
"2022-06-03 13:08:12.493","/master/welcome",1936
"2022-06-03 13:08:12.664","/master/welcome",141
"2022-06-03 13:08:13.812","/master/sign-in",1086
"2022-06-03 13:08:15.069","/master/welcome",563
"2022-06-03 13:08:15.791","/inventor/dertim/list-mine",568
"2022-06-03 13:08:17.157","/inventor/dertim/show",1082
"2022-06-03 13:08:18.552","/inventor/dertim/list-mine",565
"2022-06-03 13:08:19.372","/inventor/dertim/show",567
"2022-06-03 13:08:19.935","/master/welcome",154
"2022-06-03 13:08:20.563","/master/welcome",565
"2022-06-03 13:08:22.808","/master/welcome",139
"2022-06-03 13:08:22.965","/master/welcome",126
"2022-06-03 13:08:23.579","/master/sign-in",549
"2022-06-03 13:08:24.849","/master/welcome",563
"2022-06-03 13:08:25.586","/inventor/dertim/list-mine",566
"2022-06-03 13:08:26.43","/inventor/dertim/show",562
"2022-06-03 13:08:27.923","/inventor/dertim/list-mine",552
"2022-06-03 13:08:28.723","/inventor/dertim/show",548
"2022-06-03 13:08:29.268","/master/welcome",141
"2022-06-03 13:08:29.893","/master/welcome",566
"2022-06-03 13:08:32.13","/master/welcome",128
"2022-06-03 13:08:32.286","/master/welcome",127
"2022-06-03 13:08:32.913","/master/sign-in",563
"2022-06-03 13:08:34.145","/master/welcome",564
"2022-06-03 13:08:34.877","/inventor/dertim/list-mine",568
"2022-06-03 13:08:35.711","/inventor/dertim/show",553
"2022-06-03 13:08:37.036","/inventor/dertim/update",564
"2022-06-03 13:08:37.236","/master/welcome",139
"2022-06-03 13:08:37.853","/master/welcome",554
"2022-06-03 13:08:40.063","/master/welcome",123
"2022-06-03 13:08:40.223","/master/welcome",127
"2022-06-03 13:08:40.848","/master/sign-in",561
"2022-06-03 13:08:42.068","/master/welcome",550
"2022-06-03 13:08:42.782","/inventor/dertim/list-mine",557
"2022-06-03 13:08:43.643","/inventor/dertim/show",576
"2022-06-03 13:08:45.06","/inventor/dertim/update",549
"2022-06-03 13:08:45.261","/master/welcome",142
"2022-06-03 13:08:45.874","/master/welcome",551
"2022-06-03 13:08:48.09","/master/welcome",125
"2022-06-03 13:08:48.246","/master/welcome",124
"2022-06-03 13:08:48.873","/master/sign-in",565
"2022-06-03 13:08:50.083","/master/welcome",553
"2022-06-03 13:08:50.805","/inventor/dertim/list-mine",565
"2022-06-03 13:08:51.658","/inventor/dertim/show",562
"2022-06-03 13:08:53.098","/inventor/dertim/update",555
"2022-06-03 13:08:53.302","/master/welcome",142
"2022-06-03 13:08:53.918","/master/welcome",556
"2022-06-03 13:08:56.132","/master/welcome",128
"2022-06-03 13:08:56.289","/master/welcome",126
"2022-06-03 13:08:56.914","/master/sign-in",563
"2022-06-03 13:08:58.173","/master/welcome",592
"2022-06-03 13:08:58.893","/inventor/dertim/list-mine",562
"2022-06-03 13:08:59.739","/inventor/dertim/show",563
"2022-06-03 13:09:01.185","/inventor/dertim/update",553
"2022-06-03 13:09:01.389","/master/welcome",142
"2022-06-03 13:09:02.019","/master/welcome",565
"2022-06-03 13:09:04.226","/master/welcome",124
"2022-06-03 13:09:04.382","/master/welcome",125
"2022-06-03 13:09:05.007","/master/sign-in",553
"2022-06-03 13:09:06.27","/master/welcome",565
"2022-06-03 13:09:06.991","/inventor/dertim/list-mine",563
"2022-06-03 13:09:07.833","/inventor/dertim/show",561
"2022-06-03 13:09:09.305","/inventor/dertim/update",565
"2022-06-03 13:09:09.504","/master/welcome",141
"2022-06-03 13:09:10.129","/master/welcome",563
"2022-06-03 13:09:12.337","/master/welcome",126
"2022-06-03 13:09:12.496","/master/welcome",126
"2022-06-03 13:09:13.108","/master/sign-in",553
"2022-06-03 13:09:14.363","/master/welcome",574
"2022-06-03 13:09:15.082","/inventor/dertim/list-mine",565
"2022-06-03 13:09:15.916","/inventor/dertim/show",549
"2022-06-03 13:09:17.393","/inventor/dertim/update",562
"2022-06-03 13:09:17.592","/master/welcome",140
"2022-06-03 13:09:18.208","/master/welcome",554
"2022-06-03 13:09:20.441","/master/welcome",139
"2022-06-03 13:09:20.599","/master/welcome",127
"2022-06-03 13:09:21.225","/master/sign-in",564
"2022-06-03 13:09:22.454","/master/welcome",560
"2022-06-03 13:09:23.167","/inventor/dertim/list-mine",553
"2022-06-03 13:09:24.027","/inventor/dertim/show",576
"2022-06-03 13:09:25.449","/inventor/dertim/update",567
"2022-06-03 13:09:25.65","/master/welcome",139
"2022-06-03 13:09:26.275","/master/welcome",562
"2022-06-03 13:09:28.509","/master/welcome",139
"2022-06-03 13:09:28.667","/master/welcome",126
"2022-06-03 13:09:29.284","/master/sign-in",558
"2022-06-03 13:09:30.5","/master/welcome",563
"2022-06-03 13:09:31.218","/inventor/dertim/list-mine",564
"2022-06-03 13:09:32.064","/inventor/dertim/show",564
"2022-06-03 13:09:33.457","/inventor/dertim/update",562
"2022-06-03 13:09:33.659","/master/welcome",140
"2022-06-03 13:09:34.29","/master/welcome",568
"2022-06-03 13:09:36.498","/master/welcome",127
"2022-06-03 13:09:36.67","/master/welcome",140
"2022-06-03 13:09:37.296","/master/sign-in",564
"2022-06-03 13:09:38.553","/master/welcome",566
"2022-06-03 13:09:39.271","/inventor/dertim/list-mine",562
"2022-06-03 13:09:40.119","/inventor/dertim/show",564
"2022-06-03 13:09:41.568","/inventor/dertim/update",567
"2022-06-03 13:09:41.77","/master/welcome",141
"2022-06-03 13:09:42.395","/master/welcome",563
"2022-06-03 13:09:44.609","/master/welcome",118
"2022-06-03 13:09:44.766","/master/welcome",125
"2022-06-03 13:09:45.389","/master/sign-in",561
"2022-06-03 13:09:46.603","/master/welcome",556
"2022-06-03 13:09:47.324","/inventor/dertim/list-mine",561
"2022-06-03 13:09:48.165","/inventor/dertim/show",563
"2022-06-03 13:09:49.592","/inventor/dertim/update",570
"2022-06-03 13:09:49.794","/master/welcome",140
"2022-06-03 13:09:50.407","/master/welcome",547
"2022-06-03 13:09:52.644","/master/welcome",142
"2022-06-03 13:09:52.799","/master/welcome",125
"2022-06-03 13:09:53.426","/master/sign-in",564
"2022-06-03 13:09:54.64","/master/welcome",550
"2022-06-03 13:09:55.364","/inventor/dertim/list-mine",565
"2022-06-03 13:09:56.202","/inventor/dertim/show",561
"2022-06-03 13:09:57.613","/inventor/dertim/update",564
"2022-06-03 13:09:57.817","/master/welcome",140
"2022-06-03 13:09:58.444","/master/welcome",564
"2022-06-03 13:10:00.654","/master/welcome",126
"2022-06-03 13:10:00.811","/master/welcome",126
"2022-06-03 13:10:01.431","/master/sign-in",557
"2022-06-03 13:10:02.641","/master/welcome",544
"2022-06-03 13:10:03.376","/inventor/dertim/list-mine",562
"2022-06-03 13:10:04.226","/inventor/dertim/show",564
"2022-06-03 13:10:05.601","/inventor/dertim/update",551
"2022-06-03 13:10:05.803","/master/welcome",139
"2022-06-03 13:10:06.418","/master/welcome",552
"2022-06-03 13:10:08.623","/master/welcome",123
"2022-06-03 13:10:08.783","/master/welcome",127
"2022-06-03 13:10:09.408","/master/sign-in",564
"2022-06-03 13:10:10.664","/master/welcome",560
"2022-06-03 13:10:11.38","/inventor/dertim/list-mine",564
"2022-06-03 13:10:12.212","/inventor/dertim/show",549
"2022-06-03 13:10:13.616","/inventor/dertim/update",564
"2022-06-03 13:10:13.814","/master/welcome",137
"2022-06-03 13:10:14.442","/master/welcome",561
"2022-06-03 13:10:16.656","/master/welcome",124
"2022-06-03 13:10:16.814","/master/welcome",124
"2022-06-03 13:10:17.438","/master/sign-in",565
"2022-06-03 13:10:18.677","/master/welcome",548
"2022-06-03 13:10:19.398","/inventor/dertim/list-mine",563
"2022-06-03 13:10:20.241","/inventor/dertim/show",547
"2022-06-03 13:10:21.669","/inventor/dertim/update",567
"2022-06-03 13:10:21.877","/master/welcome",140
"2022-06-03 13:10:22.499","/master/welcome",566
"2022-06-03 13:10:24.732","/master/welcome",138
"2022-06-03 13:10:24.889","/master/welcome",124
"2022-06-03 13:10:25.517","/master/sign-in",564
"2022-06-03 13:10:26.742","/master/welcome",552
"2022-06-03 13:10:27.461","/inventor/dertim/list-mine",562
"2022-06-03 13:10:28.309","/inventor/dertim/show",563
"2022-06-03 13:10:29.761","/inventor/dertim/update",574
"2022-06-03 13:10:29.982","/master/welcome",158
"2022-06-03 13:10:30.598","/master/welcome",551
"2022-06-03 13:10:32.813","/master/welcome",125
"2022-06-03 13:10:33.334","/master/welcome",126
"2022-06-03 13:10:33.488","/master/welcome",124
"2022-06-03 13:10:34.112","/master/sign-in",564
"2022-06-03 13:10:35.373","/master/welcome",562
"2022-06-03 13:10:36.096","/inventor/dertim/list-mine",565
"2022-06-03 13:10:36.976","/master/welcome",141
"2022-06-03 13:10:37.601","/master/welcome",565
"2022-06-03 13:10:39.83","/master/welcome",140
"2022-06-03 13:10:39.972","/master/welcome",110
"2022-06-03 13:10:40.598","/master/sign-in",565
"2022-06-03 13:10:41.807","/master/welcome",555
"2022-06-03 13:10:42.517","/inventor/dertim/list-mine",552
"2022-06-03 13:10:43.377","/master/welcome",129
"2022-06-03 13:10:43.993","/master/welcome",553
"2022-06-03 13:10:46.192","/master/welcome",124
"2022-06-03 13:10:48.457","/inventor/dertim/list-mine",204
"2022-06-03 13:10:48.626","/master/welcome",123
"2022-06-03 13:10:49.24","/master/sign-in",551
"2022-06-03 13:10:50.472","/master/welcome",555
"2022-06-03 13:10:50.693","/inventor/dertim/list-mine",157
"2022-06-03 13:10:50.882","/master/welcome",142
"2022-06-03 13:10:51.498","/master/welcome",554
"2022-06-03 13:10:53.689","/master/welcome",123
"2022-06-03 13:10:54.303","/master/sign-in",554
"2022-06-03 13:10:55.538","/master/welcome",562
"2022-06-03 13:10:55.737","/inventor/dertim/list-mine",139
"2022-06-03 13:10:55.912","/master/welcome",129
"2022-06-03 13:10:56.525","/master/welcome",551
"2022-06-03 13:10:59.063","/master/welcome",126
"2022-06-03 13:10:59.218","/master/welcome",124
"2022-06-03 13:10:59.829","/master/sign-in",549
"2022-06-03 13:11:01.057","/master/welcome",551
"2022-06-03 13:11:01.772","/inventor/dertim/list-mine",560
"2022-06-03 13:11:02.613","/inventor/dertim/show",561
"2022-06-03 13:11:03.333","/master/welcome",127
"2022-06-03 13:11:03.955","/master/welcome",560
"2022-06-03 13:11:06.163","/master/welcome",123
"2022-06-03 13:11:06.318","/master/welcome",123
"2022-06-03 13:11:06.94","/master/sign-in",563
"2022-06-03 13:11:08.187","/master/welcome",565
"2022-06-03 13:11:08.895","/inventor/dertim/list-mine",552
"2022-06-03 13:11:09.738","/inventor/dertim/show",562
"2022-06-03 13:11:10.458","/master/welcome",140
"2022-06-03 13:11:11.081","/master/welcome",560
"2022-06-03 13:11:13.624","/master/welcome",156
"2022-06-03 13:11:13.781","/master/welcome",126
"2022-06-03 13:11:14.394","/master/sign-in",549
"2022-06-03 13:11:15.659","/master/welcome",550
"2022-06-03 13:11:16.39","/inventor/dertim/list-mine",563
"2022-06-03 13:11:17.066","/inventor/dertim/create",563
"2022-06-03 13:11:18.808","/inventor/dertim/create",568
"2022-06-03 13:11:19.013","/master/welcome",140
"2022-06-03 13:11:19.642","/master/welcome",562
"2022-06-03 13:11:21.851","/master/welcome",123
"2022-06-03 13:11:22.005","/master/welcome",122
"2022-06-03 13:11:22.633","/master/sign-in",567
"2022-06-03 13:11:23.884","/master/welcome",562
"2022-06-03 13:11:24.601","/inventor/dertim/list-mine",562
"2022-06-03 13:11:25.278","/inventor/dertim/create",551
"2022-06-03 13:11:27.19","/inventor/dertim/create",556
"2022-06-03 13:11:27.394","/master/welcome",143
"2022-06-03 13:11:28.008","/master/welcome",554
"2022-06-03 13:11:30.223","/master/welcome",123
"2022-06-03 13:11:30.381","/master/welcome",126
"2022-06-03 13:11:30.994","/master/sign-in",551
"2022-06-03 13:11:32.219","/master/welcome",553
"2022-06-03 13:11:32.94","/inventor/dertim/list-mine",560
"2022-06-03 13:11:33.631","/inventor/dertim/create",562
"2022-06-03 13:11:35.55","/inventor/dertim/create",564
"2022-06-03 13:11:35.751","/master/welcome",140
"2022-06-03 13:11:36.363","/master/welcome",551
"2022-06-03 13:11:38.573","/master/welcome",125
"2022-06-03 13:11:38.732","/master/welcome",126
"2022-06-03 13:11:39.359","/master/sign-in",563
"2022-06-03 13:11:40.592","/master/welcome",562
"2022-06-03 13:11:41.316","/inventor/dertim/list-mine",565
"2022-06-03 13:11:42.004","/inventor/dertim/create",564
"2022-06-03 13:11:43.925","/inventor/dertim/create",561
"2022-06-03 13:11:44.131","/master/welcome",141
"2022-06-03 13:11:44.756","/master/welcome",564
"2022-06-03 13:11:46.966","/master/welcome",124
"2022-06-03 13:11:47.124","/master/welcome",124
"2022-06-03 13:11:47.75","/master/sign-in",569
"2022-06-03 13:11:48.99","/master/welcome",563
"2022-06-03 13:11:49.712","/inventor/dertim/list-mine",563
"2022-06-03 13:11:50.39","/inventor/dertim/create",552
"2022-06-03 13:11:52.273","/inventor/dertim/create",570
"2022-06-03 13:11:52.475","/master/welcome",139
"2022-06-03 13:11:53.113","/master/welcome",574
"2022-06-03 13:11:55.326","/master/welcome",127
"2022-06-03 13:11:55.484","/master/welcome",126
"2022-06-03 13:11:56.111","/master/sign-in",563
"2022-06-03 13:11:57.332","/master/welcome",565
"2022-06-03 13:11:58.051","/inventor/dertim/list-mine",565
"2022-06-03 13:11:58.744","/inventor/dertim/create",568
"2022-06-03 13:12:00.651","/inventor/dertim/create",551
"2022-06-03 13:12:00.854","/master/welcome",141
"2022-06-03 13:12:01.471","/master/welcome",553
"2022-06-03 13:12:03.678","/master/welcome",126
"2022-06-03 13:12:03.818","/master/welcome",111
"2022-06-03 13:12:04.431","/master/sign-in",550
"2022-06-03 13:12:05.658","/master/welcome",552
"2022-06-03 13:12:06.377","/inventor/dertim/list-mine",560
"2022-06-03 13:12:07.047","/inventor/dertim/create",551
"2022-06-03 13:12:08.998","/inventor/dertim/create",555
"2022-06-03 13:12:09.208","/master/welcome",158
"2022-06-03 13:12:09.833","/master/welcome",561
"2022-06-03 13:12:12.066","/master/welcome",142
"2022-06-03 13:12:12.221","/master/welcome",123
"2022-06-03 13:12:12.833","/master/sign-in",549
"2022-06-03 13:12:14.062","/master/welcome",548
"2022-06-03 13:12:14.778","/inventor/dertim/list-mine",560
"2022-06-03 13:12:15.455","/inventor/dertim/create",552
"2022-06-03 13:12:17.28","/inventor/dertim/create",551
"2022-06-03 13:12:17.485","/master/welcome",143
"2022-06-03 13:12:18.111","/master/welcome",563
"2022-06-03 13:12:20.314","/master/welcome",124
"2022-06-03 13:12:20.47","/master/welcome",123
"2022-06-03 13:12:21.094","/master/sign-in",563
"2022-06-03 13:12:22.318","/master/welcome",562
"2022-06-03 13:12:23.036","/inventor/dertim/list-mine",562
"2022-06-03 13:12:23.723","/inventor/dertim/create",561
"2022-06-03 13:12:27.223","/inventor/dertim/create",2118
"2022-06-03 13:12:27.431","/master/welcome",146
"2022-06-03 13:12:28.048","/master/welcome",553
"2022-06-03 13:12:30.263","/master/welcome",124
"2022-06-03 13:12:30.42","/master/welcome",128
"2022-06-03 13:12:31.034","/master/sign-in",551
"2022-06-03 13:12:32.256","/master/welcome",564
"2022-06-03 13:12:32.976","/inventor/dertim/list-mine",563
"2022-06-03 13:12:33.668","/inventor/dertim/create",570
"2022-06-03 13:12:35.58","/inventor/dertim/create",568
"2022-06-03 13:12:35.781","/master/welcome",140
"2022-06-03 13:12:36.407","/master/welcome",561
"2022-06-03 13:12:38.614","/master/welcome",123
"2022-06-03 13:12:38.771","/master/welcome",127
"2022-06-03 13:12:39.397","/master/sign-in",561
"2022-06-03 13:12:40.612","/master/welcome",554
"2022-06-03 13:12:41.331","/inventor/dertim/list-mine",560
"2022-06-03 13:12:42.016","/inventor/dertim/create",569
"2022-06-03 13:12:43.887","/inventor/dertim/create",552
"2022-06-03 13:12:44.089","/master/welcome",140
"2022-06-03 13:12:44.716","/master/welcome",567
"2022-06-03 13:12:46.935","/master/welcome",126
"2022-06-03 13:12:47.091","/master/welcome",125
"2022-06-03 13:12:47.703","/master/sign-in",547
"2022-06-03 13:12:48.899","/master/welcome",550
"2022-06-03 13:12:49.619","/inventor/dertim/list-mine",563
"2022-06-03 13:12:50.3","/inventor/dertim/create",557
"2022-06-03 13:12:52.148","/inventor/dertim/create",555
"2022-06-03 13:12:52.352","/master/welcome",142
"2022-06-03 13:12:52.979","/master/welcome",565
"2022-06-03 13:12:55.188","/master/welcome",124
"2022-06-03 13:12:55.348","/master/welcome",128
"2022-06-03 13:12:55.976","/master/sign-in",565
"2022-06-03 13:12:57.213","/master/welcome",578
"2022-06-03 13:12:57.916","/inventor/dertim/list-mine",549
"2022-06-03 13:12:58.603","/inventor/dertim/create",561
"2022-06-03 13:13:00.436","/inventor/dertim/create",566
"2022-06-03 13:13:00.638","/master/welcome",139
"2022-06-03 13:13:01.264","/master/welcome",561
"2022-06-03 13:13:03.481","/master/welcome",125
"2022-06-03 13:13:03.653","/master/welcome",141
"2022-06-03 13:13:04.276","/master/sign-in",561
"2022-06-03 13:13:05.493","/master/welcome",560
"2022-06-03 13:13:06.207","/inventor/dertim/list-mine",555
"2022-06-03 13:13:06.891","/inventor/dertim/create",555
"2022-06-03 13:13:08.805","/inventor/dertim/create",569
"2022-06-03 13:13:09.011","/master/welcome",142
"2022-06-03 13:13:09.625","/master/welcome",552
"2022-06-03 13:13:11.851","/master/welcome",139
"2022-06-03 13:13:12.006","/master/welcome",125
"2022-06-03 13:13:12.619","/master/sign-in",552
"2022-06-03 13:13:13.853","/master/welcome",576
"2022-06-03 13:13:14.572","/inventor/dertim/list-mine",562
"2022-06-03 13:13:15.25","/inventor/dertim/create",549
"2022-06-03 13:13:17.092","/inventor/dertim/create",563
"2022-06-03 13:13:17.293","/master/welcome",142
"2022-06-03 13:13:17.908","/master/welcome",551
"2022-06-03 13:13:20.122","/master/welcome",124
"2022-06-03 13:13:20.275","/master/welcome",122
"2022-06-03 13:13:20.897","/master/sign-in",561
"2022-06-03 13:13:22.131","/master/welcome",562
"2022-06-03 13:13:22.855","/inventor/dertim/list-mine",555
"2022-06-03 13:13:23.544","/inventor/dertim/create",565
"2022-06-03 13:13:25.407","/inventor/dertim/create",563
"2022-06-03 13:13:25.608","/master/welcome",139
"2022-06-03 13:13:26.233","/master/welcome",564
"2022-06-03 13:13:28.442","/master/welcome",126
"2022-06-03 13:13:28.599","/master/welcome",126
"2022-06-03 13:13:29.209","/master/sign-in",551
"2022-06-03 13:13:30.453","/master/welcome",568
"2022-06-03 13:13:31.174","/inventor/dertim/list-mine",565
"2022-06-03 13:13:31.859","/inventor/dertim/create",563
"2022-06-03 13:13:33.758","/inventor/dertim/create",566
"2022-06-03 13:13:33.96","/master/welcome",143
"2022-06-03 13:13:34.574","/master/welcome",551
"2022-06-03 13:13:36.798","/master/welcome",136
"2022-06-03 13:13:36.957","/master/welcome",128
"2022-06-03 13:13:37.583","/master/sign-in",561
"2022-06-03 13:13:38.805","/master/welcome",568
"2022-06-03 13:13:39.527","/inventor/dertim/list-mine",560
"2022-06-03 13:13:40.216","/inventor/dertim/create",563
"2022-06-03 13:13:42.07","/inventor/dertim/create",559
"2022-06-03 13:13:42.273","/master/welcome",140
"2022-06-03 13:13:42.889","/master/welcome",554
"2022-06-03 13:13:45.104","/master/welcome",127
"2022-06-03 13:13:45.261","/master/welcome",125
"2022-06-03 13:13:45.886","/master/sign-in",562
"2022-06-03 13:13:47.107","/master/welcome",565
"2022-06-03 13:13:47.828","/inventor/dertim/list-mine",562
"2022-06-03 13:13:48.514","/inventor/dertim/create",562
"2022-06-03 13:13:50.369","/inventor/dertim/create",562
"2022-06-03 13:13:50.575","/master/welcome",143
"2022-06-03 13:13:51.202","/master/welcome",564
"2022-06-03 13:13:53.429","/master/welcome",141
"2022-06-03 13:13:53.588","/master/welcome",129
"2022-06-03 13:13:54.204","/master/sign-in",549
"2022-06-03 13:13:55.428","/master/welcome",565
"2022-06-03 13:13:56.152","/inventor/dertim/list-mine",567
"2022-06-03 13:13:56.858","/inventor/dertim/create",568
"2022-06-03 13:13:58.76","/inventor/dertim/list-mine",556
"2022-06-03 13:13:59.562","/inventor/dertim/show",553
"2022-06-03 13:14:00.22","/master/welcome",126
"2022-06-03 13:14:00.836","/master/welcome",549
"2022-06-03 13:14:03.041","/master/welcome",127
"2022-06-03 13:14:03.198","/master/welcome",128
"2022-06-03 13:14:03.813","/master/sign-in",549
"2022-06-03 13:14:05.031","/master/welcome",563
"2022-06-03 13:14:05.754","/inventor/dertim/list-mine",560
"2022-06-03 13:14:06.435","/inventor/dertim/create",562
"2022-06-03 13:14:08.366","/inventor/dertim/list-mine",557
"2022-06-03 13:14:09.185","/inventor/dertim/show",565
"2022-06-03 13:14:09.856","/master/welcome",141
"2022-06-03 13:14:10.484","/master/welcome",557
"2022-06-03 13:14:12.687","/master/welcome",126
"2022-06-03 13:14:14.88","/inventor/dertim/create",142
"2022-06-03 13:14:15.052","/master/welcome",127
"2022-06-03 13:14:15.675","/master/sign-in",559
"2022-06-03 13:14:16.907","/master/welcome",561
"2022-06-03 13:14:17.114","/inventor/dertim/create",141
"2022-06-03 13:14:17.299","/master/welcome",140
"2022-06-03 13:14:17.927","/master/welcome",563
"2022-06-03 13:14:20.125","/master/welcome",124
"2022-06-03 13:14:20.742","/master/sign-in",550
"2022-06-03 13:14:21.965","/master/welcome",565
"2022-06-03 13:14:22.169","/inventor/dertim/create",140
"2022-06-03 13:14:22.355","/master/welcome",139
"2022-06-03 13:14:22.997","/master/welcome",565
"2022-06-03 13:14:25.517","/master/welcome",140
"2022-06-03 13:14:25.672","/master/welcome",125
"2022-06-03 13:14:26.295","/master/sign-in",564
"2022-06-03 13:14:27.533","/master/welcome",569
"2022-06-03 13:14:28.255","/inventor/dertim/list-mine",570
"2022-06-03 13:14:29.084","/inventor/dertim/show",555
"2022-06-03 13:14:29.754","/inventor/dertim/list-mine",581
"2022-06-03 13:14:29.944","/master/welcome",142
"2022-06-03 13:14:30.572","/master/welcome",564
"2022-06-03 13:14:32.783","/master/welcome",124
"2022-06-03 13:14:32.939","/master/welcome",126
"2022-06-03 13:14:33.551","/master/sign-in",553
"2022-06-03 13:14:34.762","/master/welcome",558
"2022-06-03 13:14:35.483","/inventor/dertim/list-mine",562
"2022-06-03 13:14:36.341","/inventor/dertim/show",573
"2022-06-03 13:14:36.997","/inventor/dertim/list-mine",573
"2022-06-03 13:14:37.185","/master/welcome",136
"2022-06-03 13:14:37.797","/master/welcome",549
